SINR(dB),MCS0,MCS1,MCS2,MCS3,MCS4,MCS5,MCS6,MCS7
-4.000,0.000,0.000,0.000,0.000,0.000,0.000,0.000,0.000
-3.969,0.000,0.000,0.000,0.000,0.000,0.000,0.000,0.000
-3.938,0.000,0.000,0.000,0.000,0.000,0.000,0.000,0.000
-3.906,0.000,0.000,0.000,0.000,0.000,0.000,0.000,0.000
-3.875,0.000,0.000,0.000,0.000,0.000,0.000,0.000,0.000
-3.844,0.000,0.000,0.000,0.000,0.000,0.000,0.000,0.000
-3.812,0.000,0.000,0.000,0.000,0.000,0.000,0.000,0.000
-3.781,0.000,0.000,0.000,0.000,0.000,0.000,0.000,0.000
-3.750,0.000,0.000,0.000,0.000,0.000,0.000,0.000,0.000
-3.719,0.000,0.000,0.000,0.000,0.000,0.000,0.000,0.000
-3.688,0.000,0.000,0.000,0.000,0.000,0.000,0.000,0.000
-3.656,0.000,0.000,0.000,0.000,0.000,0.000,0.000,0.000
-3.625,0.000,0.000,0.000,0.000,0.000,0.000,0.000,0.000
-3.594,0.000,0.000,0.000,0.000,0.000,0.000,0.000,0.000
-3.562,0.000,0.000,0.000,0.000,0.000,0.000,0.000,0.000
-3.531,0.000,0.000,0.000,0.000,0.000,0.000,0.000,0.000
-3.500,0.000,0.000,0.000,0.000,0.000,0.000,0.000,0.000
-3.469,0.000,0.000,0.000,0.000,0.000,0.000,0.000,0.000
-3.438,0.000,0.000,0.000,0.000,0.000,0.000,0.000,0.000
-3.406,0.000,0.000,0.000,0.000,0.000,0.000,0.000,0.000
-3.375,0.000,0.000,0.000,0.000,0.000,0.000,0.000,0.000
-3.344,0.000,0.000,0.000,0.000,0.000,0.000,0.000,0.000
-3.312,0.000,0.000,0.000,0.000,0.000,0.000,0.000,0.000
-3.281,0.000,0.000,0.000,0.000,0.000,0.000,0.000,0.000
-3.250,0.000,0.000,0.000,0.000,0.000,0.000,0.000,0.000
-3.219,0.000,0.000,0.000,0.000,0.000,0.000,0.000,0.000
-3.188,0.000,0.000,0.000,0.000,0.000,0.000,0.000,0.000
-3.156,0.000,0.000,0.000,0.000,0.000,0.000,0.000,0.000
-3.125,0.000,0.000,0.000,0.000,0.000,0.000,0.000,0.000
-3.094,0.000,0.000,0.000,0.000,0.000,0.000,0.000,0.000
-3.062,0.000,0.000,0.000,0.000,0.000,0.000,0.000,0.000
-3.031,0.000,0.000,0.000,0.000,0.000,0.000,0.000,0.000
-3.000,0.000,0.000,0.000,0.000,0.000,0.000,0.000,0.000
-2.969,0.000,0.000,0.000,0.000,0.000,0.000,0.000,0.000
-2.938,0.000,0.000,0.000,0.000,0.000,0.000,0.000,0.000
-2.906,0.000,0.000,0.000,0.000,0.000,0.000,0.000,0.000
-2.875,0.000,0.000,0.000,0.000,0.000,0.000,0.000,0.000
-2.844,0.000,0.000,0.000,0.000,0.000,0.000,0.000,0.000
-2.812,0.000,0.000,0.000,0.000,0.000,0.000,0.000,0.000
-2.781,0.000,0.000,0.000,0.000,0.000,0.000,0.000,0.000
-2.750,0.000,0.000,0.000,0.000,0.000,0.000,0.000,0.000
-2.719,0.000,0.000,0.000,0.000,0.000,0.000,0.000,0.000
-2.688,0.000,0.000,0.000,0.000,0.000,0.000,0.000,0.000
-2.656,0.000,0.000,0.000,0.000,0.000,0.000,0.000,0.000
-2.625,0.000,0.000,0.000,0.000,0.000,0.000,0.000,0.000
-2.594,0.000,0.000,0.000,0.000,0.000,0.000,0.000,0.000
-2.562,0.000,0.000,0.000,0.000,0.000,0.000,0.000,0.000
-2.531,0.000,0.000,0.000,0.000,0.000,0.000,0.000,0.000
-2.500,0.000,0.000,0.000,0.000,0.000,0.000,0.000,0.000
-2.469,0.000,0.000,0.000,0.000,0.000,0.000,0.000,0.000
-2.438,0.000,0.000,0.000,0.000,0.000,0.000,0.000,0.000
-2.406,0.000,0.000,0.000,0.000,0.000,0.000,0.000,0.000
-2.375,0.000,0.000,0.000,0.000,0.000,0.000,0.000,0.000
-2.344,0.000,0.000,0.000,0.000,0.000,0.000,0.000,0.000
-2.312,0.000,0.000,0.000,0.000,0.000,0.000,0.000,0.000
-2.281,0.000,0.000,0.000,0.000,0.000,0.000,0.000,0.000
-2.250,0.000,0.000,0.000,0.000,0.000,0.000,0.000,0.000
-2.219,0.000,0.000,0.000,0.000,0.000,0.000,0.000,0.000
-2.188,0.000,0.000,0.000,0.000,0.000,0.000,0.000,0.000
-2.156,0.000,0.000,0.000,0.000,0.000,0.000,0.000,0.000
-2.125,0.000,0.000,0.000,0.000,0.000,0.000,0.000,0.000
-2.094,0.000,0.000,0.000,0.000,0.000,0.000,0.000,0.000
-2.062,0.000,0.000,0.000,0.000,0.000,0.000,0.000,0.000
-2.031,0.000,0.000,0.000,0.000,0.000,0.000,0.000,0.000
-2.000,0.000,0.000,0.000,0.000,0.000,0.000,0.000,0.000
-1.969,0.000,0.000,0.000,0.000,0.000,0.000,0.000,0.000
-1.938,0.000,0.000,0.000,0.000,0.000,0.000,0.000,0.000
-1.906,0.000,0.000,0.000,0.000,0.000,0.000,0.000,0.000
-1.875,0.000,0.000,0.000,0.000,0.000,0.000,0.000,0.000
-1.844,0.000,0.000,0.000,0.000,0.000,0.000,0.000,0.000
-1.812,0.000,0.000,0.000,0.000,0.000,0.000,0.000,0.000
-1.781,0.000,0.000,0.000,0.000,0.000,0.000,0.000,0.000
-1.750,0.000,0.000,0.000,0.000,0.000,0.000,0.000,0.000
-1.719,0.000,0.000,0.000,0.000,0.000,0.000,0.000,0.000
-1.688,0.000,0.000,0.000,0.000,0.000,0.000,0.000,0.000
-1.656,0.000,0.000,0.000,0.000,0.000,0.000,0.000,0.000
-1.625,0.000,0.000,0.000,0.000,0.000,0.000,0.000,0.000
-1.594,0.000,0.000,0.000,0.000,0.000,0.000,0.000,0.000
-1.562,0.000,0.000,0.000,0.000,0.000,0.000,0.000,0.000
-1.531,0.000,0.000,0.000,0.000,0.000,0.000,0.000,0.000
-1.500,0.000,0.000,0.000,0.000,0.000,0.000,0.000,0.000
-1.469,0.000,0.000,0.000,0.000,0.000,0.000,0.000,0.000
-1.438,0.000,0.000,0.000,0.000,0.000,0.000,0.000,0.000
-1.406,0.000,0.000,0.000,0.000,0.000,0.000,0.000,0.000
-1.375,0.000,0.000,0.000,0.000,0.000,0.000,0.000,0.000
-1.344,0.000,0.000,0.000,0.000,0.000,0.000,0.000,0.000
-1.312,0.000,0.000,0.000,0.000,0.000,0.000,0.000,0.000
-1.281,0.000,0.000,0.000,0.000,0.000,0.000,0.000,0.000
-1.250,0.000,0.000,0.000,0.000,0.000,0.000,0.000,0.000
-1.219,0.000,0.000,0.000,0.000,0.000,0.000,0.000,0.000
-1.188,0.000,0.000,0.000,0.000,0.000,0.000,0.000,0.000
-1.156,0.000,0.000,0.000,0.000,0.000,0.000,0.000,0.000
-1.125,0.000,0.000,0.000,0.000,0.000,0.000,0.000,0.000
-1.094,0.000,0.000,0.000,0.000,0.000,0.000,0.000,0.000
-1.062,0.000,0.000,0.000,0.000,0.000,0.000,0.000,0.000
-1.031,0.000,0.000,0.000,0.000,0.000,0.000,0.000,0.000
-1.000,0.000,0.000,0.000,0.000,0.000,0.000,0.000,0.000
-0.969,0.000,0.000,0.000,0.000,0.000,0.000,0.000,0.000
-0.938,0.000,0.000,0.000,0.000,0.000,0.000,0.000,0.000
-0.906,0.000,0.000,0.000,0.000,0.000,0.000,0.000,0.000
-0.875,0.000,0.000,0.000,0.000,0.000,0.000,0.000,0.000
-0.844,0.000,0.000,0.000,0.000,0.000,0.000,0.000,0.000
-0.812,0.000,0.000,0.000,0.000,0.000,0.000,0.000,0.000
-0.781,0.000,0.000,0.000,0.000,0.000,0.000,0.000,0.000
-0.750,0.000,0.000,0.000,0.000,0.000,0.000,0.000,0.000
-0.719,0.000,0.000,0.000,0.000,0.000,0.000,0.000,0.000
-0.688,0.000,0.000,0.000,0.000,0.000,0.000,0.000,0.000
-0.656,0.000,0.000,0.000,0.000,0.000,0.000,0.000,0.000
-0.625,0.000,0.000,0.000,0.000,0.000,0.000,0.000,0.000
-0.594,0.000,0.000,0.000,0.000,0.000,0.000,0.000,0.000
-0.562,0.000,0.000,0.000,0.000,0.000,0.000,0.000,0.000
-0.531,0.000,0.000,0.000,0.000,0.000,0.000,0.000,0.000
-0.500,0.000,0.000,0.000,0.000,0.000,0.000,0.000,0.000
-0.469,0.000,0.000,0.000,0.000,0.000,0.000,0.000,0.000
-0.438,0.000,0.000,0.000,0.000,0.000,0.000,0.000,0.000
-0.406,0.000,0.000,0.000,0.000,0.000,0.000,0.000,0.000
-0.375,0.000,0.000,0.000,0.000,0.000,0.000,0.000,0.000
-0.344,0.000,0.000,0.000,0.000,0.000,0.000,0.000,0.000
-0.312,0.000,0.000,0.000,0.000,0.000,0.000,0.000,0.000
-0.281,0.000,0.000,0.000,0.000,0.000,0.000,0.000,0.000
-0.250,0.000,0.000,0.000,0.000,0.000,0.000,0.000,0.000
-0.219,0.000,0.000,0.000,0.000,0.000,0.000,0.000,0.000
-0.188,0.000,0.000,0.000,0.000,0.000,0.000,0.000,0.000
-0.156,0.000,0.000,0.000,0.000,0.000,0.000,0.000,0.000
-0.125,0.000,0.000,0.000,0.000,0.000,0.000,0.000,0.000
-0.094,0.000,0.000,0.000,0.000,0.000,0.000,0.000,0.000
-0.062,0.000,0.000,0.000,0.000,0.000,0.000,0.000,0.000
-0.031,0.000,0.000,0.000,0.000,0.000,0.000,0.000,0.000
0.000,0.000,0.000,0.000,0.000,0.000,0.000,0.000,0.000
0.031,0.000,0.000,0.000,0.000,0.000,0.000,0.000,0.000
0.062,0.000,0.000,0.000,0.000,0.000,0.000,0.000,0.000
0.094,0.000,0.000,0.000,0.000,0.000,0.000,0.000,0.000
0.125,0.000,0.000,0.000,0.000,0.000,0.000,0.000,0.000
0.156,0.000,0.000,0.000,0.000,0.000,0.000,0.000,0.000
0.188,0.000,0.000,0.000,0.000,0.000,0.000,0.000,0.000
0.219,0.000,0.000,0.000,0.000,0.000,0.000,0.000,0.000
0.250,0.000,0.000,0.000,0.000,0.000,0.000,0.000,0.000
0.281,0.000,0.000,0.000,0.000,0.000,0.000,0.000,0.000
0.312,0.000,0.000,0.000,0.000,0.000,0.000,0.000,0.000
0.344,0.000,0.000,0.000,0.000,0.000,0.000,0.000,0.000
0.375,0.000,0.000,0.000,0.000,0.000,0.000,0.000,0.000
0.406,0.000,0.000,0.000,0.000,0.000,0.000,0.000,0.000
0.438,0.000,0.000,0.000,0.000,0.000,0.000,0.000,0.000
0.469,0.000,0.000,0.000,0.000,0.000,0.000,0.000,0.000
0.500,0.000,0.000,0.000,0.000,0.000,0.000,0.000,0.000
0.531,0.000,0.000,0.000,0.000,0.000,0.000,0.000,0.000
0.562,0.000,0.000,0.000,0.000,0.000,0.000,0.000,0.000
0.594,0.000,0.000,0.000,0.000,0.000,0.000,0.000,0.000
0.625,0.000,0.000,0.000,0.000,0.000,0.000,0.000,0.000
0.656,0.000,0.000,0.000,0.000,0.000,0.000,0.000,0.000
0.688,0.000,0.000,0.000,0.000,0.000,0.000,0.000,0.000
0.719,0.000,0.000,0.000,0.000,0.000,0.000,0.000,0.000
0.750,0.000,0.000,0.000,0.000,0.000,0.000,0.000,0.000
0.781,0.000,0.000,0.000,0.000,0.000,0.000,0.000,0.000
0.812,0.000,0.000,0.000,0.000,0.000,0.000,0.000,0.000
0.844,0.000,0.000,0.000,0.000,0.000,0.000,0.000,0.000
0.875,0.000,0.000,0.000,0.000,0.000,0.000,0.000,0.000
0.906,0.000,0.000,0.000,0.000,0.000,0.000,0.000,0.000
0.938,0.000,0.000,0.000,0.000,0.000,0.000,0.000,0.000
0.969,0.000,0.000,0.000,0.000,0.000,0.000,0.000,0.000
1.000,0.000,0.000,0.000,0.000,0.000,0.000,0.000,0.000
1.031,0.000,0.000,0.000,0.000,0.000,0.000,0.000,0.000
1.062,0.000,0.000,0.000,0.000,0.000,0.000,0.000,0.000
1.094,0.000,0.000,0.000,0.000,0.000,0.000,0.000,0.000
1.125,0.000,0.000,0.000,0.000,0.000,0.000,0.000,0.000
1.156,0.000,0.000,0.000,0.000,0.000,0.000,0.000,0.000
1.188,0.000,0.000,0.000,0.000,0.000,0.000,0.000,0.000
1.219,0.000,0.000,0.000,0.000,0.000,0.000,0.000,0.000
1.250,0.000,0.000,0.000,0.000,0.000,0.000,0.000,0.000
1.281,0.000,0.000,0.000,0.000,0.000,0.000,0.000,0.000
1.312,0.000,0.000,0.000,0.000,0.000,0.000,0.000,0.000
1.344,0.000,0.000,0.000,0.000,0.000,0.000,0.000,0.000
1.375,0.000,0.000,0.000,0.000,0.000,0.000,0.000,0.000
1.406,0.000,0.000,0.000,0.000,0.000,0.000,0.000,0.000
1.438,0.000,0.000,0.000,0.000,0.000,0.000,0.000,0.000
1.469,0.000,0.000,0.000,0.000,0.000,0.000,0.000,0.000
1.500,0.000,0.000,0.000,0.000,0.000,0.000,0.000,0.000
1.531,0.000,0.000,0.000,0.000,0.000,0.000,0.000,0.000
1.562,0.000,0.000,0.000,0.000,0.000,0.000,0.000,0.000
1.594,0.000,0.000,0.000,0.000,0.000,0.000,0.000,0.000
1.625,0.000,0.000,0.000,0.000,0.000,0.000,0.000,0.000
1.656,0.000,0.000,0.000,0.000,0.000,0.000,0.000,0.000
1.688,0.000,0.000,0.000,0.000,0.000,0.000,0.000,0.000
1.719,0.000,0.000,0.000,0.000,0.000,0.000,0.000,0.000
1.750,0.000,0.000,0.000,0.000,0.000,0.000,0.000,0.000
1.781,0.000,0.000,0.000,0.000,0.000,0.000,0.000,0.000
1.812,0.000,0.000,0.000,0.000,0.000,0.000,0.000,0.000
1.844,0.000,0.000,0.000,0.000,0.000,0.000,0.000,0.000
1.875,0.000,0.000,0.000,0.000,0.000,0.000,0.000,0.000
1.906,0.000,0.000,0.000,0.000,0.000,0.000,0.000,0.000
1.938,0.000,0.000,0.000,0.000,0.000,0.000,0.000,0.000
1.969,0.000,0.000,0.000,0.000,0.000,0.000,0.000,0.000
2.000,0.000,0.000,0.000,0.000,0.000,0.000,0.000,0.000
2.031,0.000,0.000,0.000,0.000,0.000,0.000,0.000,0.000
2.062,0.000,0.000,0.000,0.000,0.000,0.000,0.000,0.000
2.094,0.000,0.000,0.000,0.000,0.000,0.000,0.000,0.000
2.125,0.000,0.000,0.000,0.000,0.000,0.000,0.000,0.000
2.156,0.000,0.000,0.000,0.000,0.000,0.000,0.000,0.000
2.188,0.000,0.000,0.000,0.000,0.000,0.000,0.000,0.000
2.219,0.000,0.000,0.000,0.000,0.000,0.000,0.000,0.000
2.250,0.000,0.000,0.000,0.000,0.000,0.000,0.000,0.000
2.281,0.000,0.000,0.000,0.000,0.000,0.000,0.000,0.000
2.312,0.000,0.000,0.000,0.000,0.000,0.000,0.000,0.000
2.344,0.000,0.000,0.000,0.000,0.000,0.000,0.000,0.000
2.375,0.000,0.000,0.000,0.000,0.000,0.000,0.000,0.000
2.406,0.000,0.000,0.000,0.000,0.000,0.000,0.000,0.000
2.438,0.000,0.000,0.000,0.000,0.000,0.000,0.000,0.000
2.469,0.000,0.000,0.000,0.000,0.000,0.000,0.000,0.000
2.500,0.000,0.000,0.000,0.000,0.000,0.000,0.000,0.000
2.531,0.000,0.000,0.000,0.000,0.000,0.000,0.000,0.000
2.562,0.000,0.000,0.000,0.000,0.000,0.000,0.000,0.000
2.594,0.000,0.000,0.000,0.000,0.000,0.000,0.000,0.000
2.625,0.000,0.000,0.000,0.000,0.000,0.000,0.000,0.000
2.656,0.001,0.000,0.000,0.000,0.000,0.000,0.000,0.000
2.688,0.001,0.000,0.000,0.000,0.000,0.000,0.000,0.000
2.719,0.003,0.000,0.000,0.000,0.000,0.000,0.000,0.000
2.750,0.004,0.000,0.000,0.000,0.000,0.000,0.000,0.000
2.781,0.009,0.000,0.000,0.000,0.000,0.000,0.000,0.000
2.812,0.012,0.000,0.000,0.000,0.000,0.000,0.000,0.000
2.844,0.020,0.000,0.000,0.000,0.000,0.000,0.000,0.000
2.875,0.031,0.000,0.000,0.000,0.000,0.000,0.000,0.000
2.906,0.044,0.000,0.000,0.000,0.000,0.000,0.000,0.000
2.938,0.061,0.000,0.000,0.000,0.000,0.000,0.000,0.000
2.969,0.079,0.000,0.000,0.000,0.000,0.000,0.000,0.000
3.000,0.104,0.000,0.000,0.000,0.000,0.000,0.000,0.000
3.031,0.125,0.000,0.000,0.000,0.000,0.000,0.000,0.000
3.062,0.165,0.000,0.000,0.000,0.000,0.000,0.000,0.000
3.094,0.191,0.000,0.000,0.000,0.000,0.000,0.000,0.000
3.125,0.228,0.000,0.000,0.000,0.000,0.000,0.000,0.000
3.156,0.262,0.000,0.000,0.000,0.000,0.000,0.000,0.000
3.188,0.297,0.000,0.000,0.000,0.000,0.000,0.000,0.000
3.219,0.347,0.000,0.000,0.000,0.000,0.000,0.000,0.000
3.250,0.386,0.000,0.000,0.000,0.000,0.000,0.000,0.000
3.281,0.420,0.000,0.000,0.000,0.000,0.000,0.000,0.000
3.312,0.448,0.000,0.000,0.000,0.000,0.000,0.000,0.000
3.344,0.505,0.000,0.000,0.000,0.000,0.000,0.000,0.000
3.375,0.534,0.000,0.000,0.000,0.000,0.000,0.000,0.000
3.406,0.565,0.000,0.000,0.000,0.000,0.000,0.000,0.000
3.438,0.601,0.000,0.000,0.000,0.000,0.000,0.000,0.000
3.469,0.632,0.000,0.000,0.000,0.000,0.000,0.000,0.000
3.500,0.670,0.000,0.000,0.000,0.000,0.000,0.000,0.000
3.531,0.689,0.000,0.000,0.000,0.000,0.000,0.000,0.000
3.562,0.719,0.000,0.000,0.000,0.000,0.000,0.000,0.000
3.594,0.742,0.000,0.000,0.000,0.000,0.000,0.000,0.000
3.625,0.767,0.000,0.000,0.000,0.000,0.000,0.000,0.000
3.656,0.784,0.000,0.000,0.000,0.000,0.000,0.000,0.000
3.688,0.806,0.000,0.000,0.000,0.000,0.000,0.000,0.000
3.719,0.827,0.000,0.000,0.000,0.000,0.000,0.000,0.000
3.750,0.845,0.000,0.000,0.000,0.000,0.000,0.000,0.000
3.781,0.860,0.000,0.000,0.000,0.000,0.000,0.000,0.000
3.812,0.872,0.000,0.000,0.000,0.000,0.000,0.000,0.000
3.844,0.885,0.000,0.000,0.000,0.000,0.000,0.000,0.000
3.875,0.903,0.000,0.000,0.000,0.000,0.000,0.000,0.000
3.906,0.904,0.000,0.000,0.000,0.000,0.000,0.000,0.000
3.938,0.914,0.000,0.000,0.000,0.000,0.000,0.000,0.000
3.969,0.923,0.000,0.000,0.000,0.000,0.000,0.000,0.000
4.000,0.934,0.000,0.000,0.000,0.000,0.000,0.000,0.000
4.031,0.935,0.000,0.000,0.000,0.000,0.000,0.000,0.000
4.062,0.946,0.000,0.000,0.000,0.000,0.000,0.000,0.000
4.094,0.950,0.000,0.000,0.000,0.000,0.000,0.000,0.000
4.125,0.958,0.000,0.000,0.000,0.000,0.000,0.000,0.000
4.156,0.960,0.000,0.000,0.000,0.000,0.000,0.000,0.000
4.188,0.965,0.000,0.000,0.000,0.000,0.000,0.000,0.000
4.219,0.969,0.000,0.000,0.000,0.000,0.000,0.000,0.000
4.250,0.972,0.000,0.000,0.000,0.000,0.000,0.000,0.000
4.281,0.975,0.000,0.000,0.000,0.000,0.000,0.000,0.000
4.312,0.978,0.000,0.000,0.000,0.000,0.000,0.000,0.000
4.344,0.982,0.000,0.000,0.000,0.000,0.000,0.000,0.000
4.375,0.986,0.000,0.000,0.000,0.000,0.000,0.000,0.000
4.406,0.983,0.000,0.000,0.000,0.000,0.000,0.000,0.000
4.438,0.987,0.000,0.000,0.000,0.000,0.000,0.000,0.000
4.469,0.987,0.000,0.000,0.000,0.000,0.000,0.000,0.000
4.500,0.987,0.000,0.000,0.000,0.000,0.000,0.000,0.000
4.531,0.991,0.000,0.000,0.000,0.000,0.000,0.000,0.000
4.562,0.991,0.000,0.000,0.000,0.000,0.000,0.000,0.000
4.594,0.993,0.000,0.000,0.000,0.000,0.000,0.000,0.000
4.625,0.993,0.000,0.000,0.000,0.000,0.000,0.000,0.000
4.656,0.993,0.000,0.000,0.000,0.000,0.000,0.000,0.000
4.688,0.996,0.000,0.000,0.000,0.000,0.000,0.000,0.000
4.719,0.995,0.000,0.000,0.000,0.000,0.000,0.000,0.000
4.750,0.996,0.000,0.000,0.000,0.000,0.000,0.000,0.000
4.781,0.996,0.000,0.000,0.000,0.000,0.000,0.000,0.000
4.812,0.997,0.000,0.000,0.000,0.000,0.000,0.000,0.000
4.844,0.997,0.000,0.000,0.000,0.000,0.000,0.000,0.000
4.875,0.997,0.000,0.000,0.000,0.000,0.000,0.000,0.000
4.906,0.998,0.000,0.000,0.000,0.000,0.000,0.000,0.000
4.938,0.998,0.000,0.000,0.000,0.000,0.000,0.000,0.000
4.969,0.998,0.000,0.000,0.000,0.000,0.000,0.000,0.000
5.000,0.999,0.000,0.000,0.000,0.000,0.000,0.000,0.000
5.031,0.999,0.000,0.000,0.000,0.000,0.000,0.000,0.000
5.062,0.999,0.000,0.000,0.000,0.000,0.000,0.000,0.000
5.094,0.999,0.000,0.000,0.000,0.000,0.000,0.000,0.000
5.125,0.999,0.000,0.000,0.000,0.000,0.000,0.000,0.000
5.156,1.000,0.000,0.000,0.000,0.000,0.000,0.000,0.000
5.188,1.000,0.000,0.000,0.000,0.000,0.000,0.000,0.000
5.219,1.000,0.000,0.000,0.000,0.000,0.000,0.000,0.000
5.250,0.999,0.000,0.000,0.000,0.000,0.000,0.000,0.000
5.281,1.000,0.000,0.000,0.000,0.000,0.000,0.000,0.000
5.312,0.999,0.000,0.000,0.000,0.000,0.000,0.000,0.000
5.344,1.000,0.000,0.000,0.000,0.000,0.000,0.000,0.000
5.375,1.000,0.000,0.000,0.000,0.000,0.000,0.000,0.000
5.406,1.000,0.000,0.000,0.000,0.000,0.000,0.000,0.000
5.438,1.000,0.000,0.000,0.000,0.000,0.000,0.000,0.000
5.469,1.000,0.000,0.000,0.000,0.000,0.000,0.000,0.000
5.500,1.000,0.001,0.000,0.000,0.000,0.000,0.000,0.000
5.531,0.999,0.001,0.000,0.000,0.000,0.000,0.000,0.000
5.562,1.000,0.003,0.000,0.000,0.000,0.000,0.000,0.000
5.594,1.000,0.005,0.000,0.000,0.000,0.000,0.000,0.000
5.625,1.000,0.010,0.000,0.000,0.000,0.000,0.000,0.000
5.656,1.000,0.017,0.001,0.000,0.000,0.000,0.000,0.000
5.688,1.000,0.022,0.001,0.000,0.000,0.000,0.000,0.000
5.719,1.000,0.034,0.003,0.000,0.000,0.000,0.000,0.000
5.750,1.000,0.045,0.004,0.000,0.000,0.000,0.000,0.000
5.781,1.000,0.067,0.007,0.000,0.000,0.000,0.000,0.000
5.812,1.000,0.081,0.010,0.000,0.000,0.000,0.000,0.000
5.844,1.000,0.104,0.018,0.000,0.000,0.000,0.000,0.000
5.875,1.000,0.134,0.026,0.000,0.000,0.000,0.000,0.000
5.906,1.000,0.156,0.038,0.000,0.000,0.000,0.000,0.000
5.938,1.000,0.185,0.051,0.000,0.000,0.000,0.000,0.000
5.969,1.000,0.234,0.074,0.000,0.000,0.000,0.000,0.000
6.000,1.000,0.261,0.092,0.000,0.000,0.000,0.000,0.000
6.031,1.000,0.300,0.125,0.000,0.000,0.000,0.000,0.000
6.062,1.000,0.321,0.145,0.000,0.000,0.000,0.000,0.000
6.094,1.000,0.370,0.180,0.000,0.000,0.000,0.000,0.000
6.125,1.000,0.408,0.224,0.000,0.000,0.000,0.000,0.000
6.156,1.000,0.444,0.254,0.000,0.000,0.000,0.000,0.000
6.188,1.000,0.476,0.290,0.000,0.000,0.000,0.000,0.000
6.219,1.000,0.509,0.337,0.000,0.000,0.000,0.000,0.000
6.250,1.000,0.548,0.366,0.000,0.000,0.000,0.000,0.000
6.281,1.000,0.583,0.407,0.000,0.000,0.000,0.000,0.000
6.312,1.000,0.622,0.449,0.000,0.000,0.000,0.000,0.000
6.344,1.000,0.645,0.481,0.000,0.000,0.000,0.000,0.000
6.375,1.000,0.672,0.525,0.000,0.000,0.000,0.000,0.000
6.406,1.000,0.694,0.554,0.000,0.000,0.000,0.000,0.000
6.438,1.000,0.729,0.588,0.000,0.000,0.000,0.000,0.000
6.469,1.000,0.744,0.623,0.000,0.000,0.000,0.000,0.000
6.500,1.000,0.772,0.655,0.000,0.000,0.000,0.000,0.000
6.531,1.000,0.780,0.690,0.000,0.000,0.000,0.000,0.000
6.562,1.000,0.804,0.703,0.000,0.000,0.000,0.000,0.000
6.594,1.000,0.826,0.736,0.000,0.000,0.000,0.000,0.000
6.625,1.000,0.834,0.753,0.000,0.000,0.000,0.000,0.000
6.656,1.000,0.854,0.777,0.000,0.000,0.000,0.000,0.000
6.688,1.000,0.867,0.802,0.000,0.000,0.000,0.000,0.000
6.719,1.000,0.879,0.824,0.000,0.000,0.000,0.000,0.000
6.750,1.000,0.891,0.835,0.000,0.000,0.000,0.000,0.000
6.781,1.000,0.908,0.848,0.000,0.000,0.000,0.000,0.000
6.812,1.000,0.904,0.868,0.000,0.000,0.000,0.000,0.000
6.844,1.000,0.916,0.882,0.000,0.000,0.000,0.000,0.000
6.875,1.000,0.925,0.892,0.000,0.000,0.000,0.000,0.000
6.906,1.000,0.934,0.900,0.000,0.000,0.000,0.000,0.000
6.938,1.000,0.941,0.912,0.000,0.000,0.000,0.000,0.000
6.969,1.000,0.946,0.924,0.000,0.000,0.000,0.000,0.000
7.000,1.000,0.953,0.928,0.000,0.000,0.000,0.000,0.000
7.031,1.000,0.957,0.934,0.000,0.000,0.000,0.000,0.000
7.062,1.000,0.963,0.945,0.000,0.000,0.000,0.000,0.000
7.094,1.000,0.967,0.948,0.000,0.000,0.000,0.000,0.000
7.125,1.000,0.968,0.952,0.000,0.000,0.000,0.000,0.000
7.156,1.000,0.973,0.956,0.000,0.000,0.000,0.000,0.000
7.188,1.000,0.975,0.964,0.000,0.000,0.000,0.000,0.000
7.219,1.000,0.978,0.966,0.000,0.000,0.000,0.000,0.000
7.250,1.000,0.981,0.971,0.000,0.000,0.000,0.000,0.000
7.281,1.000,0.982,0.976,0.000,0.000,0.000,0.000,0.000
7.312,1.000,0.986,0.976,0.000,0.000,0.000,0.000,0.000
7.344,1.000,0.985,0.978,0.000,0.000,0.000,0.000,0.000
7.375,1.000,0.987,0.982,0.000,0.000,0.000,0.000,0.000
7.406,1.000,0.988,0.984,0.000,0.000,0.000,0.000,0.000
7.438,1.000,0.989,0.986,0.000,0.000,0.000,0.000,0.000
7.469,1.000,0.992,0.984,0.000,0.000,0.000,0.000,0.000
7.500,1.000,0.992,0.989,0.000,0.000,0.000,0.000,0.000
7.531,1.000,0.993,0.991,0.000,0.000,0.000,0.000,0.000
7.562,1.000,0.993,0.990,0.000,0.000,0.000,0.000,0.000
7.594,1.000,0.994,0.992,0.000,0.000,0.000,0.000,0.000
7.625,1.000,0.994,0.993,0.000,0.000,0.000,0.000,0.000
7.656,1.000,0.996,0.993,0.000,0.000,0.000,0.000,0.000
7.688,1.000,0.996,0.995,0.000,0.000,0.000,0.000,0.000
7.719,1.000,0.997,0.995,0.000,0.000,0.000,0.000,0.000
7.750,1.000,0.997,0.996,0.000,0.000,0.000,0.000,0.000
7.781,1.000,0.997,0.996,0.000,0.000,0.000,0.000,0.000
7.812,1.000,0.998,0.996,0.000,0.000,0.000,0.000,0.000
7.844,1.000,0.997,0.996,0.000,0.000,0.000,0.000,0.000
7.875,1.000,0.997,0.998,0.000,0.000,0.000,0.000,0.000
7.906,1.000,0.999,0.998,0.000,0.000,0.000,0.000,0.000
7.938,1.000,0.999,0.998,0.000,0.000,0.000,0.000,0.000
7.969,1.000,0.999,0.998,0.000,0.000,0.000,0.000,0.000
8.000,1.000,0.999,0.998,0.000,0.000,0.000,0.000,0.000
8.031,1.000,0.999,0.999,0.000,0.000,0.000,0.000,0.000
8.062,1.000,0.999,0.999,0.000,0.000,0.000,0.000,0.000
8.094,1.000,0.999,0.998,0.000,0.000,0.000,0.000,0.000
8.125,1.000,0.999,0.999,0.000,0.000,0.000,0.000,0.000
8.156,1.000,0.999,0.999,0.000,0.000,0.000,0.000,0.000
8.188,1.000,0.999,1.000,0.000,0.000,0.000,0.000,0.000
8.219,1.000,1.000,1.000,0.000,0.000,0.000,0.000,0.000
8.250,1.000,1.000,0.999,0.000,0.000,0.000,0.000,0.000
8.281,1.000,1.000,1.000,0.000,0.000,0.000,0.000,0.000
8.312,1.000,1.000,1.000,0.000,0.000,0.000,0.000,0.000
8.344,1.000,1.000,0.999,0.000,0.000,0.000,0.000,0.000
8.375,1.000,1.000,1.000,0.000,0.000,0.000,0.000,0.000
8.406,1.000,1.000,1.000,0.000,0.000,0.000,0.000,0.000
8.438,1.000,1.000,1.000,0.000,0.000,0.000,0.000,0.000
8.469,1.000,1.000,1.000,0.000,0.000,0.000,0.000,0.000
8.500,1.000,1.000,1.000,0.001,0.000,0.000,0.000,0.000
8.531,1.000,1.000,1.000,0.001,0.000,0.000,0.000,0.000
8.562,1.000,1.000,1.000,0.003,0.000,0.000,0.000,0.000
8.594,1.000,1.000,1.000,0.005,0.000,0.000,0.000,0.000
8.625,1.000,1.000,1.000,0.007,0.000,0.000,0.000,0.000
8.656,1.000,1.000,1.000,0.013,0.000,0.000,0.000,0.000
8.688,1.000,1.000,1.000,0.021,0.000,0.000,0.000,0.000
8.719,1.000,1.000,1.000,0.028,0.000,0.000,0.000,0.000
8.750,1.000,1.000,1.000,0.043,0.000,0.000,0.000,0.000
8.781,1.000,1.000,1.000,0.057,0.000,0.000,0.000,0.000
8.812,1.000,1.000,1.000,0.075,0.000,0.000,0.000,0.000
8.844,1.000,1.000,1.000,0.101,0.000,0.000,0.000,0.000
8.875,1.000,1.000,1.000,0.124,0.000,0.000,0.000,0.000
8.906,1.000,1.000,1.000,0.148,0.000,0.000,0.000,0.000
8.938,1.000,1.000,1.000,0.181,0.000,0.000,0.000,0.000
8.969,1.000,1.000,1.000,0.213,0.000,0.000,0.000,0.000
9.000,1.000,1.000,1.000,0.242,0.000,0.000,0.000,0.000
9.031,1.000,1.000,1.000,0.287,0.000,0.000,0.000,0.000
9.062,1.000,1.000,1.000,0.330,0.000,0.000,0.000,0.000
9.094,1.000,1.000,1.000,0.359,0.000,0.000,0.000,0.000
9.125,1.000,1.000,1.000,0.403,0.000,0.000,0.000,0.000
9.156,1.000,1.000,1.000,0.436,0.000,0.000,0.000,0.000
9.188,1.000,1.000,1.000,0.468,0.000,0.000,0.000,0.000
9.219,1.000,1.000,1.000,0.497,0.000,0.000,0.000,0.000
9.250,1.000,1.000,1.000,0.541,0.000,0.000,0.000,0.000
9.281,1.000,1.000,1.000,0.569,0.000,0.000,0.000,0.000
9.312,1.000,1.000,1.000,0.608,0.000,0.000,0.000,0.000
9.344,1.000,1.000,1.000,0.632,0.000,0.000,0.000,0.000
9.375,1.000,1.000,1.000,0.658,0.000,0.000,0.000,0.000
9.406,1.000,1.000,1.000,0.694,0.000,0.000,0.000,0.000
9.438,1.000,1.000,1.000,0.718,0.000,0.000,0.000,0.000
9.469,1.000,1.000,1.000,0.738,0.000,0.000,0.000,0.000
9.500,1.000,1.000,1.000,0.757,0.000,0.000,0.000,0.000
9.531,1.000,1.000,1.000,0.776,0.000,0.000,0.000,0.000
9.562,1.000,1.000,1.000,0.805,0.000,0.000,0.000,0.000
9.594,1.000,1.000,1.000,0.820,0.000,0.000,0.000,0.000
9.625,1.000,1.000,1.000,0.831,0.000,0.000,0.000,0.000
9.656,1.000,1.000,1.000,0.850,0.000,0.000,0.000,0.000
9.688,1.000,1.000,1.000,0.866,0.000,0.000,0.000,0.000
9.719,1.000,1.000,1.000,0.878,0.000,0.000,0.000,0.000
9.750,1.000,1.000,1.000,0.884,0.000,0.000,0.000,0.000
9.781,1.000,1.000,1.000,0.899,0.000,0.000,0.000,0.000
9.812,1.000,1.000,1.000,0.907,0.000,0.000,0.000,0.000
9.844,1.000,1.000,1.000,0.918,0.000,0.000,0.000,0.000
9.875,1.000,1.000,1.000,0.930,0.000,0.000,0.000,0.000
9.906,1.000,1.000,1.000,0.933,0.000,0.000,0.000,0.000
9.938,1.000,1.000,1.000,0.935,0.000,0.000,0.000,0.000
9.969,1.000,1.000,1.000,0.948,0.000,0.000,0.000,0.000
10.000,1.000,1.000,1.000,0.952,0.000,0.000,0.000,0.000
10.031,1.000,1.000,1.000,0.953,0.000,0.000,0.000,0.000
10.062,1.000,1.000,1.000,0.961,0.000,0.000,0.000,0.000
10.094,1.000,1.000,1.000,0.964,0.000,0.000,0.000,0.000
10.125,1.000,1.000,1.000,0.966,0.000,0.000,0.000,0.000
10.156,1.000,1.000,1.000,0.970,0.000,0.000,0.000,0.000
10.188,1.000,1.000,1.000,0.975,0.000,0.000,0.000,0.000
10.219,1.000,1.000,1.000,0.976,0.000,0.000,0.000,0.000
10.250,1.000,1.000,1.000,0.979,0.000,0.000,0.000,0.000
10.281,1.000,1.000,1.000,0.980,0.000,0.000,0.000,0.000
10.312,1.000,1.000,1.000,0.982,0.000,0.000,0.000,0.000
10.344,1.000,1.000,1.000,0.985,0.000,0.000,0.000,0.000
10.375,1.000,1.000,1.000,0.987,0.000,0.000,0.000,0.000
10.406,1.000,1.000,1.000,0.989,0.000,0.000,0.000,0.000
10.438,1.000,1.000,1.000,0.989,0.000,0.000,0.000,0.000
10.469,1.000,1.000,1.000,0.990,0.000,0.000,0.000,0.000
10.500,1.000,1.000,1.000,0.991,0.000,0.000,0.000,0.000
10.531,1.000,1.000,1.000,0.992,0.000,0.000,0.000,0.000
10.562,1.000,1.000,1.000,0.995,0.000,0.000,0.000,0.000
10.594,1.000,1.000,1.000,0.993,0.000,0.000,0.000,0.000
10.625,1.000,1.000,1.000,0.994,0.000,0.000,0.000,0.000
10.656,1.000,1.000,1.000,0.996,0.000,0.000,0.000,0.000
10.688,1.000,1.000,1.000,0.996,0.000,0.000,0.000,0.000
10.719,1.000,1.000,1.000,0.996,0.000,0.000,0.000,0.000
10.750,1.000,1.000,1.000,0.997,0.000,0.000,0.000,0.000
10.781,1.000,1.000,1.000,0.997,0.000,0.000,0.000,0.000
10.812,1.000,1.000,1.000,0.997,0.000,0.000,0.000,0.000
10.844,1.000,1.000,1.000,0.997,0.000,0.000,0.000,0.000
10.875,1.000,1.000,1.000,0.997,0.000,0.000,0.000,0.000
10.906,1.000,1.000,1.000,0.998,0.000,0.000,0.000,0.000
10.938,1.000,1.000,1.000,0.998,0.000,0.000,0.000,0.000
10.969,1.000,1.000,1.000,0.998,0.000,0.000,0.000,0.000
11.000,1.000,1.000,1.000,0.999,0.000,0.000,0.000,0.000
11.031,1.000,1.000,1.000,0.999,0.000,0.000,0.000,0.000
11.062,1.000,1.000,1.000,0.998,0.000,0.000,0.000,0.000
11.094,1.000,1.000,1.000,0.998,0.000,0.000,0.000,0.000
11.125,1.000,1.000,1.000,0.999,0.000,0.000,0.000,0.000
11.156,1.000,1.000,1.000,1.000,0.000,0.000,0.000,0.000
11.188,1.000,1.000,1.000,0.999,0.000,0.000,0.000,0.000
11.219,1.000,1.000,1.000,0.999,0.000,0.000,0.000,0.000
11.250,1.000,1.000,1.000,1.000,0.000,0.000,0.000,0.000
11.281,1.000,1.000,1.000,0.999,0.000,0.000,0.000,0.000
11.312,1.000,1.000,1.000,1.000,0.000,0.000,0.000,0.000
11.344,1.000,1.000,1.000,1.000,0.000,0.000,0.000,0.000
11.375,1.000,1.000,1.000,0.999,0.000,0.000,0.000,0.000
11.406,1.000,1.000,1.000,1.000,0.000,0.000,0.000,0.000
11.438,1.000,1.000,1.000,1.000,0.000,0.000,0.000,0.000
11.469,1.000,1.000,1.000,1.000,0.000,0.000,0.000,0.000
11.500,1.000,1.000,1.000,1.000,0.000,0.000,0.000,0.000
11.531,1.000,1.000,1.000,1.000,0.000,0.000,0.000,0.000
11.562,1.000,1.000,1.000,1.000,0.000,0.000,0.000,0.000
11.594,1.000,1.000,1.000,1.000,0.000,0.000,0.000,0.000
11.625,1.000,1.000,1.000,1.000,0.000,0.000,0.000,0.000
11.656,1.000,1.000,1.000,1.000,0.000,0.000,0.000,0.000
11.688,1.000,1.000,1.000,1.000,0.000,0.000,0.000,0.000
11.719,1.000,1.000,1.000,1.000,0.000,0.000,0.000,0.000
11.750,1.000,1.000,1.000,1.000,0.000,0.000,0.000,0.000
11.781,1.000,1.000,1.000,1.000,0.000,0.000,0.000,0.000
11.812,1.000,1.000,1.000,1.000,0.000,0.000,0.000,0.000
11.844,1.000,1.000,1.000,1.000,0.000,0.000,0.000,0.000
11.875,1.000,1.000,1.000,1.000,0.000,0.000,0.000,0.000
11.906,1.000,1.000,1.000,1.000,0.000,0.000,0.000,0.000
11.938,1.000,1.000,1.000,1.000,0.000,0.000,0.000,0.000
11.969,1.000,1.000,1.000,1.000,0.000,0.000,0.000,0.000
12.000,1.000,1.000,1.000,1.000,0.000,0.000,0.000,0.000
12.031,1.000,1.000,1.000,1.000,0.001,0.000,0.000,0.000
12.062,1.000,1.000,1.000,1.000,0.000,0.000,0.000,0.000
12.094,1.000,1.000,1.000,1.000,0.001,0.000,0.000,0.000
12.125,1.000,1.000,1.000,1.000,0.002,0.000,0.000,0.000
12.156,1.000,1.000,1.000,1.000,0.005,0.000,0.000,0.000
12.188,1.000,1.000,1.000,1.000,0.007,0.000,0.000,0.000
12.219,1.000,1.000,1.000,1.000,0.012,0.000,0.000,0.000
12.250,1.000,1.000,1.000,1.000,0.017,0.000,0.000,0.000
12.281,1.000,1.000,1.000,1.000,0.024,0.000,0.000,0.000
12.312,1.000,1.000,1.000,1.000,0.035,0.000,0.000,0.000
12.344,1.000,1.000,1.000,1.000,0.049,0.000,0.000,0.000
12.375,1.000,1.000,1.000,1.000,0.066,0.000,0.000,0.000
12.406,1.000,1.000,1.000,1.000,0.085,0.000,0.000,0.000
12.438,1.000,1.000,1.000,1.000,0.105,0.000,0.000,0.000
12.469,1.000,1.000,1.000,1.000,0.126,0.000,0.000,0.000
12.500,1.000,1.000,1.000,1.000,0.151,0.000,0.000,0.000
12.531,1.000,1.000,1.000,1.000,0.184,0.000,0.000,0.000
12.562,1.000,1.000,1.000,1.000,0.216,0.000,0.000,0.000
12.594,1.000,1.000,1.000,1.000,0.248,0.000,0.000,0.000
12.625,1.000,1.000,1.000,1.000,0.280,0.000,0.000,0.000
12.656,1.000,1.000,1.000,1.000,0.312,0.000,0.000,0.000
12.688,1.000,1.000,1.000,1.000,0.344,0.000,0.000,0.000
12.719,1.000,1.000,1.000,1.000,0.387,0.000,0.000,0.000
12.750,1.000,1.000,1.000,1.000,0.414,0.000,0.000,0.000
12.781,1.000,1.000,1.000,1.000,0.450,0.000,0.000,0.000
12.812,1.000,1.000,1.000,1.000,0.486,0.000,0.000,0.000
12.844,1.000,1.000,1.000,1.000,0.523,0.000,0.000,0.000
12.875,1.000,1.000,1.000,1.000,0.557,0.000,0.000,0.000
12.906,1.000,1.000,1.000,1.000,0.578,0.000,0.000,0.000
12.938,1.000,1.000,1.000,1.000,0.614,0.000,0.000,0.000
12.969,1.000,1.000,1.000,1.000,0.637,0.000,0.000,0.000
13.000,1.000,1.000,1.000,1.000,0.674,0.000,0.000,0.000
13.031,1.000,1.000,1.000,1.000,0.691,0.000,0.000,0.000
13.062,1.000,1.000,1.000,1.000,0.718,0.000,0.000,0.000
13.094,1.000,1.000,1.000,1.000,0.740,0.000,0.000,0.000
13.125,1.000,1.000,1.000,1.000,0.762,0.000,0.000,0.000
13.156,1.000,1.000,1.000,1.000,0.773,0.000,0.000,0.000
13.188,1.000,1.000,1.000,1.000,0.802,0.000,0.000,0.000
13.219,1.000,1.000,1.000,1.000,0.818,0.000,0.000,0.000
13.250,1.000,1.000,1.000,1.000,0.832,0.000,0.000,0.000
13.281,1.000,1.000,1.000,1.000,0.848,0.000,0.000,0.000
13.312,1.000,1.000,1.000,1.000,0.866,0.000,0.000,0.000
13.344,1.000,1.000,1.000,1.000,0.880,0.000,0.000,0.000
13.375,1.000,1.000,1.000,1.000,0.888,0.000,0.000,0.000
13.406,1.000,1.000,1.000,1.000,0.894,0.000,0.000,0.000
13.438,1.000,1.000,1.000,1.000,0.906,0.000,0.000,0.000
13.469,1.000,1.000,1.000,1.000,0.913,0.000,0.000,0.000
13.500,1.000,1.000,1.000,1.000,0.923,0.000,0.000,0.000
13.531,1.000,1.000,1.000,1.000,0.927,0.000,0.000,0.000
13.562,1.000,1.000,1.000,1.000,0.933,0.000,0.000,0.000
13.594,1.000,1.000,1.000,1.000,0.941,0.000,0.000,0.000
13.625,1.000,1.000,1.000,1.000,0.949,0.000,0.000,0.000
13.656,1.000,1.000,1.000,1.000,0.947,0.000,0.000,0.000
13.688,1.000,1.000,1.000,1.000,0.955,0.000,0.000,0.000
13.719,1.000,1.000,1.000,1.000,0.963,0.000,0.000,0.000
13.750,1.000,1.000,1.000,1.000,0.962,0.000,0.000,0.000
13.781,1.000,1.000,1.000,1.000,0.970,0.000,0.000,0.000
13.812,1.000,1.000,1.000,1.000,0.969,0.000,0.000,0.000
13.844,1.000,1.000,1.000,1.000,0.974,0.000,0.000,0.000
13.875,1.000,1.000,1.000,1.000,0.977,0.000,0.000,0.000
13.906,1.000,1.000,1.000,1.000,0.978,0.000,0.000,0.000
13.938,1.000,1.000,1.000,1.000,0.980,0.000,0.000,0.000
13.969,1.000,1.000,1.000,1.000,0.981,0.000,0.000,0.000
14.000,1.000,1.000,1.000,1.000,0.984,0.000,0.000,0.000
14.031,1.000,1.000,1.000,1.000,0.985,0.000,0.000,0.000
14.062,1.000,1.000,1.000,1.000,0.990,0.000,0.000,0.000
14.094,1.000,1.000,1.000,1.000,0.989,0.000,0.000,0.000
14.125,1.000,1.000,1.000,1.000,0.988,0.000,0.000,0.000
14.156,1.000,1.000,1.000,1.000,0.990,0.000,0.000,0.000
14.188,1.000,1.000,1.000,1.000,0.991,0.000,0.000,0.000
14.219,1.000,1.000,1.000,1.000,0.994,0.000,0.000,0.000
14.250,1.000,1.000,1.000,1.000,0.994,0.000,0.000,0.000
14.281,1.000,1.000,1.000,1.000,0.995,0.000,0.000,0.000
14.312,1.000,1.000,1.000,1.000,0.995,0.000,0.000,0.000
14.344,1.000,1.000,1.000,1.000,0.997,0.000,0.000,0.000
14.375,1.000,1.000,1.000,1.000,0.996,0.000,0.000,0.000
14.406,1.000,1.000,1.000,1.000,0.996,0.000,0.000,0.000
14.438,1.000,1.000,1.000,1.000,0.997,0.000,0.000,0.000
14.469,1.000,1.000,1.000,1.000,0.998,0.000,0.000,0.000
14.500,1.000,1.000,1.000,1.000,0.997,0.000,0.000,0.000
14.531,1.000,1.000,1.000,1.000,0.998,0.000,0.000,0.000
14.562,1.000,1.000,1.000,1.000,0.998,0.000,0.000,0.000
14.594,1.000,1.000,1.000,1.000,0.998,0.000,0.000,0.000
14.625,1.000,1.000,1.000,1.000,0.998,0.000,0.000,0.000
14.656,1.000,1.000,1.000,1.000,0.999,0.000,0.000,0.000
14.688,1.000,1.000,1.000,1.000,0.999,0.000,0.000,0.000
14.719,1.000,1.000,1.000,1.000,0.998,0.000,0.000,0.000
14.750,1.000,1.000,1.000,1.000,0.999,0.000,0.000,0.000
14.781,1.000,1.000,1.000,1.000,0.999,0.000,0.000,0.000
14.812,1.000,1.000,1.000,1.000,0.999,0.000,0.000,0.000
14.844,1.000,1.000,1.000,1.000,0.999,0.000,0.000,0.000
14.875,1.000,1.000,1.000,1.000,0.999,0.000,0.000,0.000
14.906,1.000,1.000,1.000,1.000,1.000,0.000,0.000,0.000
14.938,1.000,1.000,1.000,1.000,1.000,0.000,0.000,0.000
14.969,1.000,1.000,1.000,1.000,1.000,0.000,0.000,0.000
15.000,1.000,1.000,1.000,1.000,1.000,0.000,0.000,0.000
15.031,1.000,1.000,1.000,1.000,1.000,0.000,0.000,0.000
15.062,1.000,1.000,1.000,1.000,1.000,0.000,0.000,0.000
15.094,1.000,1.000,1.000,1.000,1.000,0.000,0.000,0.000
15.125,1.000,1.000,1.000,1.000,1.000,0.000,0.000,0.000
15.156,1.000,1.000,1.000,1.000,1.000,0.001,0.000,0.000
15.188,1.000,1.000,1.000,1.000,1.000,0.001,0.000,0.000
15.219,1.000,1.000,1.000,1.000,1.000,0.002,0.000,0.000
15.250,1.000,1.000,1.000,1.000,1.000,0.005,0.000,0.000
15.281,1.000,1.000,1.000,1.000,1.000,0.006,0.000,0.000
15.312,1.000,1.000,1.000,1.000,1.000,0.009,0.000,0.000
15.344,1.000,1.000,1.000,1.000,1.000,0.015,0.000,0.000
15.375,1.000,1.000,1.000,1.000,1.000,0.024,0.000,0.000
15.406,1.000,1.000,1.000,1.000,1.000,0.036,0.000,0.000
15.438,1.000,1.000,1.000,1.000,1.000,0.045,0.000,0.000
15.469,1.000,1.000,1.000,1.000,1.000,0.060,0.000,0.000
15.500,1.000,1.000,1.000,1.000,1.000,0.077,0.000,0.000
15.531,1.000,1.000,1.000,1.000,1.000,0.100,0.000,0.000
15.562,1.000,1.000,1.000,1.000,1.000,0.117,0.000,0.000
15.594,1.000,1.000,1.000,1.000,1.000,0.152,0.000,0.000
15.625,1.000,1.000,1.000,1.000,1.000,0.179,0.000,0.000
15.656,1.000,1.000,1.000,1.000,1.000,0.203,0.000,0.000
15.688,1.000,1.000,1.000,1.000,1.000,0.233,0.000,0.000
15.719,1.000,1.000,1.000,1.000,1.000,0.278,0.000,0.000
15.750,1.000,1.000,1.000,1.000,1.000,0.296,0.000,0.000
15.781,1.000,1.000,1.000,1.000,1.000,0.345,0.000,0.000
15.812,1.000,1.000,1.000,1.000,1.000,0.370,0.000,0.000
15.844,1.000,1.000,1.000,1.000,1.000,0.412,0.000,0.000
15.875,1.000,1.000,1.000,1.000,1.000,0.439,0.000,0.000
15.906,1.000,1.000,1.000,1.000,1.000,0.473,0.000,0.000
15.938,1.000,1.000,1.000,1.000,1.000,0.516,0.000,0.000
15.969,1.000,1.000,1.000,1.000,1.000,0.546,0.000,0.000
16.000,1.000,1.000,1.000,1.000,1.000,0.572,0.000,0.000
16.031,1.000,1.000,1.000,1.000,1.000,0.611,0.000,0.000
16.062,1.000,1.000,1.000,1.000,1.000,0.637,0.000,0.000
16.094,1.000,1.000,1.000,1.000,1.000,0.669,0.000,0.000
16.125,1.000,1.000,1.000,1.000,1.000,0.683,0.000,0.000
16.156,1.000,1.000,1.000,1.000,1.000,0.715,0.000,0.000
16.188,1.000,1.000,1.000,1.000,1.000,0.733,0.000,0.000
16.219,1.000,1.000,1.000,1.000,1.000,0.756,0.000,0.000
16.250,1.000,1.000,1.000,1.000,1.000,0.776,0.000,0.000
16.281,1.000,1.000,1.000,1.000,1.000,0.794,0.000,0.000
16.312,1.000,1.000,1.000,1.000,1.000,0.808,0.000,0.000
16.344,1.000,1.000,1.000,1.000,1.000,0.824,0.000,0.000
16.375,1.000,1.000,1.000,1.000,1.000,0.842,0.000,0.000
16.406,1.000,1.000,1.000,1.000,1.000,0.858,0.000,0.000
16.438,1.000,1.000,1.000,1.000,1.000,0.876,0.000,0.000
16.469,1.000,1.000,1.000,1.000,1.000,0.884,0.000,0.000
16.500,1.000,1.000,1.000,1.000,1.000,0.887,0.000,0.000
16.531,1.000,1.000,1.000,1.000,1.000,0.897,0.000,0.000
16.562,1.000,1.000,1.000,1.000,1.000,0.914,0.000,0.000
16.594,1.000,1.000,1.000,1.000,1.000,0.912,0.000,0.000
16.625,1.000,1.000,1.000,1.000,1.000,0.924,0.000,0.000
16.656,1.000,1.000,1.000,1.000,1.000,0.931,0.000,0.000
16.688,1.000,1.000,1.000,1.000,1.000,0.936,0.000,0.000
16.719,1.000,1.000,1.000,1.000,1.000,0.941,0.000,0.000
16.750,1.000,1.000,1.000,1.000,1.000,0.947,0.000,0.000
16.781,1.000,1.000,1.000,1.000,1.000,0.954,0.000,0.000
16.812,1.000,1.000,1.000,1.000,1.000,0.959,0.000,0.000
16.844,1.000,1.000,1.000,1.000,1.000,0.963,0.000,0.000
16.875,1.000,1.000,1.000,1.000,1.000,0.966,0.000,0.000
16.906,1.000,1.000,1.000,1.000,1.000,0.971,0.000,0.000
16.938,1.000,1.000,1.000,1.000,1.000,0.969,0.000,0.000
16.969,1.000,1.000,1.000,1.000,1.000,0.976,0.000,0.000
17.000,1.000,1.000,1.000,1.000,1.000,0.979,0.000,0.000
17.031,1.000,1.000,1.000,1.000,1.000,0.981,0.000,0.000
17.062,1.000,1.000,1.000,1.000,1.000,0.980,0.000,0.000
17.094,1.000,1.000,1.000,1.000,1.000,0.985,0.000,0.000
17.125,1.000,1.000,1.000,1.000,1.000,0.983,0.000,0.000
17.156,1.000,1.000,1.000,1.000,1.000,0.986,0.000,0.000
17.188,1.000,1.000,1.000,1.000,1.000,0.986,0.000,0.000
17.219,1.000,1.000,1.000,1.000,1.000,0.988,0.000,0.000
17.250,1.000,1.000,1.000,1.000,1.000,0.990,0.000,0.000
17.281,1.000,1.000,1.000,1.000,1.000,0.990,0.000,0.000
17.312,1.000,1.000,1.000,1.000,1.000,0.993,0.000,0.000
17.344,1.000,1.000,1.000,1.000,1.000,0.993,0.000,0.000
17.375,1.000,1.000,1.000,1.000,1.000,0.993,0.000,0.000
17.406,1.000,1.000,1.000,1.000,1.000,0.993,0.000,0.000
17.438,1.000,1.000,1.000,1.000,1.000,0.996,0.000,0.000
17.469,1.000,1.000,1.000,1.000,1.000,0.995,0.000,0.000
17.500,1.000,1.000,1.000,1.000,1.000,0.996,0.000,0.000
17.531,1.000,1.000,1.000,1.000,1.000,0.995,0.000,0.000
17.562,1.000,1.000,1.000,1.000,1.000,0.997,0.000,0.000
17.594,1.000,1.000,1.000,1.000,1.000,0.997,0.000,0.000
17.625,1.000,1.000,1.000,1.000,1.000,0.999,0.000,0.000
17.656,1.000,1.000,1.000,1.000,1.000,0.997,0.000,0.000
17.688,1.000,1.000,1.000,1.000,1.000,0.998,0.000,0.000
17.719,1.000,1.000,1.000,1.000,1.000,0.998,0.000,0.000
17.750,1.000,1.000,1.000,1.000,1.000,0.999,0.000,0.000
17.781,1.000,1.000,1.000,1.000,1.000,0.999,0.000,0.000
17.812,1.000,1.000,1.000,1.000,1.000,0.998,0.000,0.000
17.844,1.000,1.000,1.000,1.000,1.000,0.999,0.000,0.000
17.875,1.000,1.000,1.000,1.000,1.000,0.999,0.000,0.000
17.906,1.000,1.000,1.000,1.000,1.000,0.999,0.000,0.000
17.938,1.000,1.000,1.000,1.000,1.000,0.999,0.000,0.000
17.969,1.000,1.000,1.000,1.000,1.000,0.999,0.000,0.000
18.000,1.000,1.000,1.000,1.000,1.000,1.000,0.000,0.000
18.031,1.000,1.000,1.000,1.000,1.000,1.000,0.000,0.000
18.062,1.000,1.000,1.000,1.000,1.000,0.999,0.000,0.000
18.094,1.000,1.000,1.000,1.000,1.000,1.000,0.000,0.000
18.125,1.000,1.000,1.000,1.000,1.000,1.000,0.000,0.000
18.156,1.000,1.000,1.000,1.000,1.000,1.000,0.000,0.000
18.188,1.000,1.000,1.000,1.000,1.000,1.000,0.000,0.000
18.219,1.000,1.000,1.000,1.000,1.000,1.000,0.000,0.000
18.250,1.000,1.000,1.000,1.000,1.000,1.000,0.000,0.000
18.281,1.000,1.000,1.000,1.000,1.000,1.000,0.000,0.000
18.312,1.000,1.000,1.000,1.000,1.000,1.000,0.000,0.000
18.344,1.000,1.000,1.000,1.000,1.000,1.000,0.000,0.000
18.375,1.000,1.000,1.000,1.000,1.000,1.000,0.000,0.000
18.406,1.000,1.000,1.000,1.000,1.000,1.000,0.000,0.000
18.438,1.000,1.000,1.000,1.000,1.000,1.000,0.000,0.000
18.469,1.000,1.000,1.000,1.000,1.000,1.000,0.000,0.000
18.500,1.000,1.000,1.000,1.000,1.000,1.000,0.000,0.000
18.531,1.000,1.000,1.000,1.000,1.000,1.000,0.000,0.000
18.562,1.000,1.000,1.000,1.000,1.000,1.000,0.000,0.000
18.594,1.000,1.000,1.000,1.000,1.000,1.000,0.000,0.000
18.625,1.000,1.000,1.000,1.000,1.000,1.000,0.000,0.000
18.656,1.000,1.000,1.000,1.000,1.000,1.000,0.000,0.000
18.688,1.000,1.000,1.000,1.000,1.000,1.000,0.000,0.000
18.719,1.000,1.000,1.000,1.000,1.000,1.000,0.000,0.000
18.750,1.000,1.000,1.000,1.000,1.000,1.000,0.000,0.000
18.781,1.000,1.000,1.000,1.000,1.000,1.000,0.000,0.000
18.812,1.000,1.000,1.000,1.000,1.000,1.000,0.000,0.000
18.844,1.000,1.000,1.000,1.000,1.000,1.000,0.000,0.000
18.875,1.000,1.000,1.000,1.000,1.000,1.000,0.000,0.000
18.906,1.000,1.000,1.000,1.000,1.000,1.000,0.000,0.000
18.938,1.000,1.000,1.000,1.000,1.000,1.000,0.000,0.000
18.969,1.000,1.000,1.000,1.000,1.000,1.000,0.000,0.000
19.000,1.000,1.000,1.000,1.000,1.000,1.000,0.000,0.000
19.031,1.000,1.000,1.000,1.000,1.000,1.000,0.000,0.000
19.062,1.000,1.000,1.000,1.000,1.000,1.000,0.000,0.000
19.094,1.000,1.000,1.000,1.000,1.000,1.000,0.000,0.000
19.125,1.000,1.000,1.000,1.000,1.000,1.000,0.000,0.000
19.156,1.000,1.000,1.000,1.000,1.000,1.000,0.000,0.000
19.188,1.000,1.000,1.000,1.000,1.000,1.000,0.000,0.000
19.219,1.000,1.000,1.000,1.000,1.000,1.000,0.000,0.000
19.250,1.000,1.000,1.000,1.000,1.000,1.000,0.000,0.000
19.281,1.000,1.000,1.000,1.000,1.000,1.000,0.000,0.000
19.312,1.000,1.000,1.000,1.000,1.000,1.000,0.000,0.000
19.344,1.000,1.000,1.000,1.000,1.000,1.000,0.000,0.000
19.375,1.000,1.000,1.000,1.000,1.000,1.000,0.000,0.000
19.406,1.000,1.000,1.000,1.000,1.000,1.000,0.000,0.000
19.438,1.000,1.000,1.000,1.000,1.000,1.000,0.000,0.000
19.469,1.000,1.000,1.000,1.000,1.000,1.000,0.000,0.000
19.500,1.000,1.000,1.000,1.000,1.000,1.000,0.000,0.000
19.531,1.000,1.000,1.000,1.000,1.000,1.000,0.000,0.000
19.562,1.000,1.000,1.000,1.000,1.000,1.000,0.000,0.000
19.594,1.000,1.000,1.000,1.000,1.000,1.000,0.000,0.000
19.625,1.000,1.000,1.000,1.000,1.000,1.000,0.000,0.000
19.656,1.000,1.000,1.000,1.000,1.000,1.000,0.000,0.000
19.688,1.000,1.000,1.000,1.000,1.000,1.000,0.000,0.000
19.719,1.000,1.000,1.000,1.000,1.000,1.000,0.000,0.000
19.750,1.000,1.000,1.000,1.000,1.000,1.000,0.000,0.000
19.781,1.000,1.000,1.000,1.000,1.000,1.000,0.000,0.000
19.812,1.000,1.000,1.000,1.000,1.000,1.000,0.000,0.000
19.844,1.000,1.000,1.000,1.000,1.000,1.000,0.000,0.000
19.875,1.000,1.000,1.000,1.000,1.000,1.000,0.001,0.000
19.906,1.000,1.000,1.000,1.000,1.000,1.000,0.002,0.000
19.938,1.000,1.000,1.000,1.000,1.000,1.000,0.002,0.000
19.969,1.000,1.000,1.000,1.000,1.000,1.000,0.003,0.000
20.000,1.000,1.000,1.000,1.000,1.000,1.000,0.007,0.000
20.031,1.000,1.000,1.000,1.000,1.000,1.000,0.009,0.000
20.062,1.000,1.000,1.000,1.000,1.000,1.000,0.014,0.000
20.094,1.000,1.000,1.000,1.000,1.000,1.000,0.021,0.000
20.125,1.000,1.000,1.000,1.000,1.000,1.000,0.030,0.000
20.156,1.000,1.000,1.000,1.000,1.000,1.000,0.039,0.000
20.188,1.000,1.000,1.000,1.000,1.000,1.000,0.054,0.000
20.219,1.000,1.000,1.000,1.000,1.000,1.000,0.070,0.000
20.250,1.000,1.000,1.000,1.000,1.000,1.000,0.088,0.000
20.281,1.000,1.000,1.000,1.000,1.000,1.000,0.103,0.000
20.312,1.000,1.000,1.000,1.000,1.000,1.000,0.138,0.000
20.344,1.000,1.000,1.000,1.000,1.000,1.000,0.160,0.000
20.375,1.000,1.000,1.000,1.000,1.000,1.000,0.189,0.000
20.406,1.000,1.000,1.000,1.000,1.000,1.000,0.218,0.000
20.438,1.000,1.000,1.000,1.000,1.000,1.000,0.248,0.000
20.469,1.000,1.000,1.000,1.000,1.000,1.000,0.287,0.000
20.500,1.000,1.000,1.000,1.000,1.000,1.000,0.318,0.000
20.531,1.000,1.000,1.000,1.000,1.000,1.000,0.351,0.000
20.562,1.000,1.000,1.000,1.000,1.000,1.000,0.393,0.000
20.594,1.000,1.000,1.000,1.000,1.000,1.000,0.422,0.000
20.625,1.000,1.000,1.000,1.000,1.000,1.000,0.459,0.000
20.656,1.000,1.000,1.000,1.000,1.000,1.000,0.493,0.000
20.688,1.000,1.000,1.000,1.000,1.000,1.000,0.525,0.000
20.719,1.000,1.000,1.000,1.000,1.000,1.000,0.553,0.000
20.750,1.000,1.000,1.000,1.000,1.000,1.000,0.582,0.000
20.781,1.000,1.000,1.000,1.000,1.000,1.000,0.611,0.000
20.812,1.000,1.000,1.000,1.000,1.000,1.000,0.645,0.000
20.844,1.000,1.000,1.000,1.000,1.000,1.000,0.676,0.000
20.875,1.000,1.000,1.000,1.000,1.000,1.000,0.695,0.000
20.906,1.000,1.000,1.000,1.000,1.000,1.000,0.722,0.000
20.938,1.000,1.000,1.000,1.000,1.000,1.000,0.741,0.000
20.969,1.000,1.000,1.000,1.000,1.000,1.000,0.764,0.000
21.000,1.000,1.000,1.000,1.000,1.000,1.000,0.781,0.000
21.031,1.000,1.000,1.000,1.000,1.000,1.000,0.809,0.000
21.062,1.000,1.000,1.000,1.000,1.000,1.000,0.809,0.000
21.094,1.000,1.000,1.000,1.000,1.000,1.000,0.830,0.001
21.125,1.000,1.000,1.000,1.000,1.000,1.000,0.839,0.002
21.156,1.000,1.000,1.000,1.000,1.000,1.000,0.863,0.002
21.188,1.000,1.000,1.000,1.000,1.000,1.000,0.869,0.004
21.219,1.000,1.000,1.000,1.000,1.000,1.000,0.878,0.005
21.250,1.000,1.000,1.000,1.000,1.000,1.000,0.892,0.010
21.281,1.000,1.000,1.000,1.000,1.000,1.000,0.900,0.015
21.312,1.000,1.000,1.000,1.000,1.000,1.000,0.912,0.023
21.344,1.000,1.000,1.000,1.000,1.000,1.000,0.918,0.029
21.375,1.000,1.000,1.000,1.000,1.000,1.000,0.932,0.042
21.406,1.000,1.000,1.000,1.000,1.000,1.000,0.931,0.057
21.438,1.000,1.000,1.000,1.000,1.000,1.000,0.937,0.071
21.469,1.000,1.000,1.000,1.000,1.000,1.000,0.945,0.090
21.500,1.000,1.000,1.000,1.000,1.000,1.000,0.952,0.109
21.531,1.000,1.000,1.000,1.000,1.000,1.000,0.958,0.137
21.562,1.000,1.000,1.000,1.000,1.000,1.000,0.959,0.161
21.594,1.000,1.000,1.000,1.000,1.000,1.000,0.963,0.189
21.625,1.000,1.000,1.000,1.000,1.000,1.000,0.968,0.215
21.656,1.000,1.000,1.000,1.000,1.000,1.000,0.972,0.248
21.688,1.000,1.000,1.000,1.000,1.000,1.000,0.970,0.281
21.719,1.000,1.000,1.000,1.000,1.000,1.000,0.977,0.311
21.750,1.000,1.000,1.000,1.000,1.000,1.000,0.979,0.341
21.781,1.000,1.000,1.000,1.000,1.000,1.000,0.980,0.371
21.812,1.000,1.000,1.000,1.000,1.000,1.000,0.983,0.407
21.844,1.000,1.000,1.000,1.000,1.000,1.000,0.981,0.439
21.875,1.000,1.000,1.000,1.000,1.000,1.000,0.987,0.474
21.906,1.000,1.000,1.000,1.000,1.000,1.000,0.987,0.506
21.938,1.000,1.000,1.000,1.000,1.000,1.000,0.988,0.533
21.969,1.000,1.000,1.000,1.000,1.000,1.000,0.991,0.568
22.000,1.000,1.000,1.000,1.000,1.000,1.000,0.991,0.597
22.031,1.000,1.000,1.000,1.000,1.000,1.000,0.991,0.626
22.062,1.000,1.000,1.000,1.000,1.000,1.000,0.993,0.651
22.094,1.000,1.000,1.000,1.000,1.000,1.000,0.994,0.679
22.125,1.000,1.000,1.000,1.000,1.000,1.000,0.994,0.694
22.156,1.000,1.000,1.000,1.000,1.000,1.000,0.995,0.718
22.188,1.000,1.000,1.000,1.000,1.000,1.000,0.994,0.742
22.219,1.000,1.000,1.000,1.000,1.000,1.000,0.995,0.765
22.250,1.000,1.000,1.000,1.000,1.000,1.000,0.997,0.786
22.281,1.000,1.000,1.000,1.000,1.000,1.000,0.997,0.797
22.312,1.000,1.000,1.000,1.000,1.000,1.000,0.997,0.819
22.344,1.000,1.000,1.000,1.000,1.000,1.000,0.998,0.827
22.375,1.000,1.000,1.000,1.000,1.000,1.000,0.997,0.838
22.406,1.000,1.000,1.000,1.000,1.000,1.000,0.998,0.856
22.438,1.000,1.000,1.000,1.000,1.000,1.000,0.998,0.869
22.469,1.000,1.000,1.000,1.000,1.000,1.000,0.998,0.876
22.500,1.000,1.000,1.000,1.000,1.000,1.000,0.998,0.884
22.531,1.000,1.000,1.000,1.000,1.000,1.000,0.998,0.898
22.562,1.000,1.000,1.000,1.000,1.000,1.000,0.999,0.912
22.594,1.000,1.000,1.000,1.000,1.000,1.000,0.998,0.912
22.625,1.000,1.000,1.000,1.000,1.000,1.000,0.999,0.919
22.656,1.000,1.000,1.000,1.000,1.000,1.000,0.999,0.931
22.688,1.000,1.000,1.000,1.000,1.000,1.000,0.999,0.934
22.719,1.000,1.000,1.000,1.000,1.000,1.000,0.999,0.940
22.750,1.000,1.000,1.000,1.000,1.000,1.000,1.000,0.945
22.781,1.000,1.000,1.000,1.000,1.000,1.000,1.000,0.953
22.812,1.000,1.000,1.000,1.000,1.000,1.000,1.000,0.957
22.844,1.000,1.000,1.000,1.000,1.000,1.000,1.000,0.959
22.875,1.000,1.000,1.000,1.000,1.000,1.000,0.999,0.964
22.906,1.000,1.000,1.000,1.000,1.000,1.000,1.000,0.966
22.938,1.000,1.000,1.000,1.000,1.000,1.000,1.000,0.968
22.969,1.000,1.000,1.000,1.000,1.000,1.000,1.000,0.972
23.000,1.000,1.000,1.000,1.000,1.000,1.000,1.000,0.975
23.031,1.000,1.000,1.000,1.000,1.000,1.000,1.000,0.977
23.062,1.000,1.000,1.000,1.000,1.000,1.000,1.000,0.981
23.094,1.000,1.000,1.000,1.000,1.000,1.000,1.000,0.981
23.125,1.000,1.000,1.000,1.000,1.000,1.000,1.000,0.985
23.156,1.000,1.000,1.000,1.000,1.000,1.000,1.000,0.985
23.188,1.000,1.000,1.000,1.000,1.000,1.000,1.000,0.987
23.219,1.000,1.000,1.000,1.000,1.000,1.000,1.000,0.989
23.250,1.000,1.000,1.000,1.000,1.000,1.000,1.000,0.988
23.281,1.000,1.000,1.000,1.000,1.000,1.000,1.000,0.989
23.312,1.000,1.000,1.000,1.000,1.000,1.000,1.000,0.991
23.344,1.000,1.000,1.000,1.000,1.000,1.000,1.000,0.992
23.375,1.000,1.000,1.000,1.000,1.000,1.000,1.000,0.993
23.406,1.000,1.000,1.000,1.000,1.000,1.000,1.000,0.994
23.438,1.000,1.000,1.000,1.000,1.000,1.000,1.000,0.993
23.469,1.000,1.000,1.000,1.000,1.000,1.000,1.000,0.994
23.500,1.000,1.000,1.000,1.000,1.000,1.000,1.000,0.996
23.531,1.000,1.000,1.000,1.000,1.000,1.000,1.000,0.996
23.562,1.000,1.000,1.000,1.000,1.000,1.000,1.000,0.996
23.594,1.000,1.000,1.000,1.000,1.000,1.000,1.000,0.997
23.625,1.000,1.000,1.000,1.000,1.000,1.000,1.000,0.997
23.656,1.000,1.000,1.000,1.000,1.000,1.000,1.000,0.997
23.688,1.000,1.000,1.000,1.000,1.000,1.000,1.000,0.996
23.719,1.000,1.000,1.000,1.000,1.000,1.000,1.000,0.998
23.750,1.000,1.000,1.000,1.000,1.000,1.000,1.000,0.998
23.781,1.000,1.000,1.000,1.000,1.000,1.000,1.000,0.998
23.812,1.000,1.000,1.000,1.000,1.000,1.000,1.000,0.998
23.844,1.000,1.000,1.000,1.000,1.000,1.000,1.000,0.999
23.875,1.000,1.000,1.000,1.000,1.000,1.000,1.000,0.999
23.906,1.000,1.000,1.000,1.000,1.000,1.000,1.000,0.999
23.938,1.000,1.000,1.000,1.000,1.000,1.000,1.000,0.998
23.969,1.000,1.000,1.000,1.000,1.000,1.000,1.000,1.000
24.000,1.000,1.000,1.000,1.000,1.000,1.000,1.000,0.999
24.031,1.000,1.000,1.000,1.000,1.000,1.000,1.000,0.999
24.062,1.000,1.000,1.000,1.000,1.000,1.000,1.000,0.999
24.094,1.000,1.000,1.000,1.000,1.000,1.000,1.000,1.000
24.125,1.000,1.000,1.000,1.000,1.000,1.000,1.000,1.000
24.156,1.000,1.000,1.000,1.000,1.000,1.000,1.000,1.000
24.188,1.000,1.000,1.000,1.000,1.000,1.000,1.000,1.000
24.219,1.000,1.000,1.000,1.000,1.000,1.000,1.000,1.000
24.250,1.000,1.000,1.000,1.000,1.000,1.000,1.000,1.000
24.281,1.000,1.000,1.000,1.000,1.000,1.000,1.000,1.000
24.312,1.000,1.000,1.000,1.000,1.000,1.000,1.000,1.000
24.344,1.000,1.000,1.000,1.000,1.000,1.000,1.000,1.000
24.375,1.000,1.000,1.000,1.000,1.000,1.000,1.000,1.000
24.406,1.000,1.000,1.000,1.000,1.000,1.000,1.000,1.000
24.438,1.000,1.000,1.000,1.000,1.000,1.000,1.000,1.000
24.469,1.000,1.000,1.000,1.000,1.000,1.000,1.000,1.000
24.500,1.000,1.000,1.000,1.000,1.000,1.000,1.000,1.000
24.531,1.000,1.000,1.000,1.000,1.000,1.000,1.000,1.000
24.562,1.000,1.000,1.000,1.000,1.000,1.000,1.000,1.000
24.594,1.000,1.000,1.000,1.000,1.000,1.000,1.000,1.000
24.625,1.000,1.000,1.000,1.000,1.000,1.000,1.000,1.000
24.656,1.000,1.000,1.000,1.000,1.000,1.000,1.000,1.000
24.688,1.000,1.000,1.000,1.000,1.000,1.000,1.000,1.000
24.719,1.000,1.000,1.000,1.000,1.000,1.000,1.000,1.000
24.750,1.000,1.000,1.000,1.000,1.000,1.000,1.000,1.000
24.781,1.000,1.000,1.000,1.000,1.000,1.000,1.000,1.000
24.812,1.000,1.000,1.000,1.000,1.000,1.000,1.000,1.000
24.844,1.000,1.000,1.000,1.000,1.000,1.000,1.000,1.000
24.875,1.000,1.000,1.000,1.000,1.000,1.000,1.000,1.000
24.906,1.000,1.000,1.000,1.000,1.000,1.000,1.000,1.000
24.938,1.000,1.000,1.000,1.000,1.000,1.000,1.000,1.000
24.969,1.000,1.000,1.000,1.000,1.000,1.000,1.000,1.000
25.000,1.000,1.000,1.000,1.000,1.000,1.000,1.000,1.000
